SET FOREIGN_KEY_CHECKS = 0;

DROP TABLE IF EXISTS  `courses`;
CREATE TABLE `courses` (
  `id` bigint(20) NOT NULL COMMENT '课程ID',
  `name` varchar(32) DEFAULT NULL COMMENT '课程名',
  PRIMARY KEY (`id`)
) ENGINE=InnoDB DEFAULT CHARSET=utf8;

insert into `courses`(`id`,`name`) values
(10,'语文'),
(20,'数学'),
(30,'物理'),
(40,'英语'),
(50,'化学'),
(60,'生物'),
(70,'政治');
DROP TABLE IF EXISTS  `students`;
CREATE TABLE `students` (
  `id` bigint(20) NOT NULL AUTO_INCREMENT COMMENT 'ID',
  `name` varchar(32) DEFAULT NULL COMMENT '姓名',
  `grade` int(11) DEFAULT NULL COMMENT '年级',
  `class` int(11) DEFAULT NULL COMMENT '班级',
  PRIMARY KEY (`id`)
) ENGINE=InnoDB AUTO_INCREMENT=9 DEFAULT CHARSET=utf8;

insert into `students`(`id`,`name`,`grade`,`class`) values
(1,'Nick',5,3),
(2,'Eric',5,1),
(3,'Joy',5,3),
(4,'Jude',3,2),
(5,'Lucy',4,2),
(6,'Lulu',4,1),
(7,'Merry',4,1),
(8,'Jason',3,2);
DROP TABLE IF EXISTS  `student_courses`;
CREATE TABLE `student_courses` (
  `id` bigint(20) NOT NULL AUTO_INCREMENT COMMENT '唯一标识',
  `student_id` bigint(20) DEFAULT NULL COMMENT '学生ID',
  `course_id` bigint(20) DEFAULT NULL COMMENT '课程ID',
  `start_time` datetime DEFAULT NULL COMMENT '选择时间',
  `score` int(11) DEFAULT NULL COMMENT '考试成绩',
  PRIMARY KEY (`id`),
  KEY `idx_student_course` (`student_id`,`course_id`),
  KEY `idx_student_time` (`student_id`,`start_time`)
) ENGINE=InnoDB AUTO_INCREMENT=64 DEFAULT CHARSET=utf8;

insert into `student_courses`(`id`,`student_id`,`course_id`,`start_time`,`score`) values
(1,1,10,'2017-09-01 00:00:00',97),
(2,1,20,'2017-09-01 00:00:00',66),
(3,1,30,'2017-09-01 00:00:00',56),
(4,1,40,'2017-09-01 00:00:00',70),
(5,1,50,'2017-09-01 00:00:00',90),
(6,1,60,'2017-09-01 00:00:00',88),
(7,1,70,'2017-09-01 00:00:00',76),
(8,2,10,'2017-09-01 00:00:00',53),
(9,2,20,'2017-09-01 00:00:00',29),
(10,2,30,'2017-09-01 00:00:00',33),
(11,2,40,'2017-09-01 00:00:00',27),
(12,2,50,'2017-09-01 00:00:00',22),
(13,2,60,'2017-09-01 00:00:00',43),
(14,2,70,'2017-09-01 00:00:00',55),
(15,3,10,'2017-09-01 00:00:00',89),
(16,3,20,'2017-09-01 00:00:00',53),
(17,3,30,'2017-09-01 00:00:00',99),
(18,3,40,'2017-09-01 00:00:00',67),
(19,3,50,'2017-09-01 00:00:00',89),
(20,3,60,'2017-09-01 00:00:00',2),
(21,3,70,'2017-09-01 00:00:00',0),
(29,4,10,'2017-09-01 00:00:00',99),
(30,4,20,'2017-09-01 00:00:00',98),
(31,4,30,'2017-09-01 00:00:00',100),
(32,4,40,'2017-09-01 00:00:00',92),
(33,4,50,'2017-09-01 00:00:00',96),
(34,4,60,'2017-09-01 00:00:00',99),
(35,4,70,'2017-09-01 00:00:00',97),
(36,5,10,'2017-09-01 00:00:00',61),
(37,5,20,'2017-09-01 00:00:00',63),
(38,5,30,'2017-09-01 00:00:00',82),
(39,5,40,'2017-09-01 00:00:00',77),
(40,5,50,'2017-09-01 00:00:00',72),
(41,5,60,'2017-09-01 00:00:00',69),
(42,5,70,'2017-09-01 00:00:00',67),
(43,6,10,'2017-09-01 00:00:00',83),
(44,6,20,'2017-09-01 00:00:00',79),
(45,6,30,'2017-09-01 00:00:00',77),
(46,6,40,'2017-09-01 00:00:00',89),
(47,6,50,'2017-09-01 00:00:00',83),
(48,6,60,'2017-09-01 00:00:00',87),
(49,6,70,'2017-09-01 00:00:00',71),
(50,7,10,'2017-09-01 00:00:00',93),
(51,7,20,'2017-09-01 00:00:00',89),
(52,7,30,'2017-09-01 00:00:00',88),
(53,7,40,'2017-09-01 00:00:00',91),
(54,7,50,'2017-09-01 00:00:00',92),
(55,7,60,'2017-09-01 00:00:00',90),
(56,7,70,'2017-09-01 00:00:00',83),
(57,8,10,'2017-09-01 00:00:00',100),
(58,8,20,'2017-09-01 00:00:00',99),
(59,8,30,'2017-09-01 00:00:00',89),
(60,8,40,'2017-09-01 00:00:00',96),
(61,8,50,'2017-09-01 00:00:00',94),
(62,8,60,'2017-09-01 00:00:00',92),
(63,8,70,'2017-09-01 00:00:00',93);
SET FOREIGN_KEY_CHECKS = 1;

